SECID;SHORTNAME;NAME;TYPENAME;ISIN;REGNUMBER;LISTLEVEL;FACEVALUE;FACEUNIT;PRIMARY_BOARDID;PRIMARY_BOARD_TITLE;ISSUEDATE;EMITENTNAME;INN;LOTSIZE
ABRD;АбрауДюрсо;Абрау-Дюрсо ПАО ао;Акции обыкновенные;RU000A0JS5T7;1-02-12500-A;3;1;RUB;TQBR;Т+: Акции и ДР - безадрес.;02.10.2012;"Публичное акционерное общество ""Абрау – Дюрсо""";7727620673;10
AFKS;Система ао;"АФК ""Система"" ПАО ао";Акции обыкновенные;RU000A0DQZE3;1-05-01669-A;1;0,09;RUB;TQBR;Т+: Акции и ДР - безадрес.;12.12.2007;"ПУБЛИЧНОЕ АКЦИОНЕРНОЕ ОБЩЕСТВО ""АКЦИОНЕРНАЯ ФИНАНСОВАЯ КОРПОРАЦИЯ ""СИСТЕМА""";7703104630;100
AFLT;Аэрофлот;Аэрофлот-росс.авиалин(ПАО)ао;Акции обыкновенные;RU0009062285;1-01-00010-A;1;1;RUB;TQBR;Т+: Акции и ДР - безадрес.;13.02.2004;"Публичное акционерное общество ""Аэрофлот – российские авиалинии""";7712040126;10
AGRO;AGRO-гдр;ГДР ROS AGRO PLC ORD SHS;DR на иностранные акции;US7496552057;;1;0;USD;TQBR;Т+: Акции и ДР - безадрес.;01.12.2014;Bank of New York Mellon Corporation (Глобальные депозитарные расписки на акции ROS AGRO PLC);3817;1
AKRN;Акрон;Акрон ПАО ао;Акции обыкновенные;RU0009028674;1-03-00207-A;1;5;RUB;TQBR;Т+: Акции и ДР - безадрес.;11.10.2006;"Публичное акционерное общество ""Акрон""";5321029508;1
ALBK;БестЭфБ ао;Бест Эффортс Банк ПАО ао;Акции обыкновенные;RU000A0JS2M9;10400435B;3;10;RUB;TQBR;Т+: Акции и ДР - безадрес.;15.05.2012;"Публичное акционерное общество ""Бест Эффортс Банк""";7831000034;10
ALNU;АЛРОСА-Нюр;АЛРОСА-Нюрба ПАО ао;Акции обыкновенные;RU000A0JP468;1-01-20179-F;3;25;RUB;TQBR;Т+: Акции и ДР - безадрес.;08.12.2011;"Публичное акционерное общество ""АЛРОСА-Нюрба""";1419003844;1
ALRS;АЛРОСА ао;АЛРОСА ПАО ао;Акции обыкновенные;RU0007252813;1-03-40046-N;1;0,5;RUB;TQBR;Т+: Акции и ДР - безадрес.;29.11.2011;"Акционерная компания ""АЛРОСА"" (публичное акционерное общество)";1433000147;10
AMD-RM;AMD Inc.;Advanced Micro Devices, Inc.;Иностранные акции;US0079031078;;3;0,01;USD;FQBR;Т+ Ин.Акции и ДР - безадрес.;21.05.2018;Advanced Micro Devices, Inc. (Эдвансд Микро Девайсес, Инк.);4912;1
AMEZ;АшинскийМЗ; Ашинский метзавод ПАО ао;Акции обыкновенные;RU000A0B88G6;1-03-45219-D;2;1;RUB;TQBR;Т+: Акции и ДР - безадрес.;28.08.2008;"Публичное акционерное общество ""Ашинский металлургический завод""";7401000473;100
AMZN-RM;Amazon;Amazon.com Inc.;Иностранные акции;US0231351067;;3;0,01;USD;FQBR;Т+ Ин.Акции и ДР - безадрес.;21.05.2018;Amazon.com, Inc.;;1
APTK;Аптеки36и6;"ПАО ""Аптечная сеть 36,6"" ао";Акции обыкновенные;RU0008081765;1-01-07335-A;2;0,64;RUB;TQBR;Т+: Акции и ДР - безадрес.;21.12.2005;"Публичное акционерное общество ""Аптечная сеть 36,6""";7722266450;10
AQUA;РусАква ао;Русская Аквакультура ПАО ао;Акции обыкновенные;RU000A0JQTS3;1-01-04461-D;2;100;RUB;TQBR;Т+: Акции и ДР - безадрес.;16.04.2010;"Публичное  акционерное общество ""Русская Аквакультура""";7816430057;10
ARSA;Арсагера;УК Арсагера ПАО-ао;Акции обыкновенные;RU000A0JP0Q7;1-01-03163-D;3;1;RUB;TQBR;Т+: Акции и ДР - безадрес.;07.04.2008;"ПУБЛИЧНОЕ АКЦИОНЕРНОЕ ОБЩЕСТВО ""УПРАВЛЯЮЩАЯ КОМПАНИЯ ""АРСАГЕРА""";7840303927;1000
ASSB;АстрЭнСб;"""Астраханская ЭСК"" ПАО";Акции обыкновенные;RU000A0D8MM8;1-01-55064-E;3;0,007;RUB;TQBR;Т+: Акции и ДР - безадрес.;16.09.2005;"Публичное акционерное общество ""Астраханская энергосбытовая компания""";3017041554;1000
ATVI-RM;Activision;Activision Blizzard, Inc.;Иностранные акции;US00507V1098;;3;0;USD;FQBR;Т+ Ин.Акции и ДР - безадрес.;21.05.2018;Activision Blizzard, Inc. (Эктивижн Близзард, Инк.);4913;1
AVAN;Авангрд-ао;"АКБ ""АВАНГАРД"" ПАО ао";Акции обыкновенные;RU000A0DM7B3;10102879B;3;10;RUB;TQBR;Т+: Акции и ДР - безадрес.;09.07.2012;"Акционерный Коммерческий банк ""АВАНГАРД"" - публичное акционерное общество";7702021163;1
BA-RM;Boeing;The Boeing Company;Иностранные акции;US0970231058;;3;5;USD;FQBR;Т+ Ин.Акции и ДР - безадрес.;17.09.2018;The Boeing Company;;1
BANE;Башнефт ао;Башнефть АНК ао;Акции обыкновенные;RU0007976957;1-01-00013-A;3;1;RUB;TQBR;Т+: Акции и ДР - безадрес.;18.11.2011;"Публичное акционерное общество ""Акционерная нефтяная Компания ""Башнефть""";274051582;1
BANEP;Башнефт ап;Башнефть АНК ап;Акции привилегированные;RU0007976965;2-01-00013-A;3;1;RUB;TQBR;Т+: Акции и ДР - безадрес.;18.11.2011;"Публичное акционерное общество ""Акционерная нефтяная Компания ""Башнефть""";274051582;1
BELU;Белуга ао;Белуга Групп ПАО ао;Акции обыкновенные;RU000A0HL5M1;1-01-55052-E;2;100;RUB;TQBR;Т+: Акции и ДР - безадрес.;20.11.2007;"Публичное акционерное общество ""Белуга Групп""";7705634425;1
BISV;БашИнСв ао;Башинформсвязь(ПАО) ао;Акции обыкновенные;RU0009059216;1-01-00011-A;3;1;RUB;TQBR;Т+: Акции и ДР - безадрес.;23.04.2010;"Публичное акционерное общество ""Башинформсвязь""";274018377;100
BISVP;БашИнСв ап;Башинформсвязь(ПАО) ап;Акции привилегированные;RU0009100176;2-01-00011-A;3;1;RUB;TQBR;Т+: Акции и ДР - безадрес.;23.04.2010;"Публичное акционерное общество ""Башинформсвязь""";274018377;100
BLNG;Белон ао;Белон ОАО ао;Акции обыкновенные;RU000A0J2QG8;1-06-10167-F;3;0,01;RUB;TQBR;Т+: Акции и ДР - безадрес.;16.01.2009;"Открытое акционерное общество ""Белон""";5410102823;100
BRZL;БурЗолото;Бурятзолото ПАО ао;Акции обыкновенные;RU0009288658;1-06-20577-F;3;0,025;RUB;TQBR;Т+: Акции и ДР - безадрес.;09.12.2011;"Публичное акционерное общество ""Бурятзолото""";323027345;1
BSPB;БСП ао;"ПАО ""Банк ""Санкт-Петербург"" ао";Акции обыкновенные;RU0009100945;10300436B;1;1;RUB;TQBR;Т+: Акции и ДР - безадрес.;19.03.2008;"ПУБЛИЧНОЕ АКЦИОНЕРНОЕ ОБЩЕСТВО ""БАНК ""САНКТ-ПЕТЕРБУРГ""";7831000027;10
CBOM;МКБ ао;"""МКБ"" ПАО ао";Акции обыкновенные;RU000A0JUG31;10101978B;1;1;RUB;TQBR;Т+: Акции и ДР - безадрес.;22.06.2015;"""МОСКОВСКИЙ КРЕДИТНЫЙ БАНК"" (публичное акционерное общество)";7734202860;100
CHEP;ЧТПЗ ао;"""ЧТПЗ"" ПАО ао";Акции обыкновенные;RU0009066807;1-01-00182-A;3;1;RUB;TQBR;Т+: Акции и ДР - безадрес.;12.12.2008;"Публичное акционерное общество ""Челябинский трубопрокатный завод""";7449006730;10
CHGZ;РН-ЗапСиб;РН-Западная Сибирь ПАО ао;Акции обыкновенные;RU0009082291;1-01-00185-A;3;0,1;RUB;TQBR;Т+: Акции и ДР - безадрес.;14.12.2011;"Публичное акционерное общество ""РН-Западная Сибирь""";8620003528;100
CHKZ;ЧКПЗ ао;"""ЧКПЗ"" ПАО ао";Акции обыкновенные;RU000A0JNST0;1-03-45058-D;3;200;RUB;TQBR;Т+: Акции и ДР - безадрес.;12.12.2008;"Публичное акционерное общество ""Челябинский кузнечно-прессовый завод""";7449006184;1
CHMF;СевСт-ао;Северсталь (ПАО)ао;Акции обыкновенные;RU0009046510;1-02-00143-A;1;0,01;RUB;TQBR;Т+: Акции и ДР - безадрес.;02.06.2005;"Публичное акционерное общество ""Северсталь""";3528000597;1
CHMK;ЧМК ао;"""ЧМК"" ПАО ао";Акции обыкновенные;RU0007665170;1-01-00080-A;3;1;RUB;TQBR;Т+: Акции и ДР - безадрес.;12.12.2008;"Публичное акционерное общество ""Челябинский металлургический комбинат""";7450001007;1
CNTL;Телеграф;"""Центральный Телеграф"" ПАО ао";Акции обыкновенные;RU0007665147;1-03-00327-A;3;1;RUB;TQBR;Т+: Акции и ДР - безадрес.;12.12.2008;"Публичное акционерное общество ""Центральный телеграф""";7710146208;100
CNTLP;Телеграф-п;"""Центральный Телеграф"" ПАО ап";Акции привилегированные;RU0007665139;2-03-00327-A;3;1;RUB;TQBR;Т+: Акции и ДР - безадрес.;25.10.2011;"Публичное акционерное общество ""Центральный телеграф""";7710146208;100
DASB;ДагСб ао;ао Дагестанская энергосб.комп.;Акции обыкновенные;RU000A0F63G0;1-01-55094-E;3;0,003;RUB;TQBR;Т+: Акции и ДР - безадрес.;12.01.2006;"Публичное акционерное общество ""Дагестанская энергосбытовая компания""";541031172;10000
DIOD;ЗаводДИОД;Завод ДИОД ПАО ао;Акции обыкновенные;RU000A0JQWC1;1-03-06923-A;3;0,01;RUB;TQBR;Т+: Акции и ДР - безадрес.;09.06.2010;"Публичное акционерное общество Завод экологической техники и экопитания ""ДИОД""";7725024805;100
DIS-RM;Disney;The Walt Disney Company;Иностранные акции;US2546871060;;3;0,01;USD;FQBR;Т+ Ин.Акции и ДР - безадрес.;21.05.2018;The Walt Disney Company (Зе Уолт Дисней Кампани);4914;1
DSKY;ДетскийМир;ПАО Детский мир;Акции обыкновенные;RU000A0JSQ90;1-02-00844-A;1;0,0004;RUB;TQBR;Т+: Акции и ДР - безадрес.;10.02.2017;"Публичное акционерное общество ""Детский мир""";7729355029;10
DVEC;ДЭК ао;"""ДЭК"" ПАО ао";Акции обыкновенные;RU000A0JP2W1;1-01-55275-E;3;1;RUB;TQBR;Т+: Акции и ДР - безадрес.;13.12.2007;"Публичное акционерное общество ""Дальневосточная энергетическая компания""";2723088770;1000
DZRD;iДонскЗР;Донской завод радиодеталей ао;Акции обыкновенные;RU000A0JQW11;1-01-02677-A;3;1;RUB;TQBR;Т+: Акции и ДР - безадрес.;30.12.2010;"Открытое акционерное общество ""Донской завод радиодеталей""";7114001610;1
DZRDP;iДонскЗР п;Донской завод радиодеталей ап;Акции привилегированные;RU000A0JQW29;2-01-02677-A;3;1;RUB;TQBR;Т+: Акции и ДР - безадрес.;30.12.2010;"Открытое акционерное общество ""Донской завод радиодеталей""";7114001610;1
EELT;ЕвроЭлтех;"""ЕвропЭлектротехника"" ПАО ао";Акции обыкновенные;RU000A0JWW54;1-01-83993-H;3;1;RUB;TQBR;Т+: Акции и ДР - безадрес.;07.09.2017;"Публичное акционерное общество ""Европейская Электротехника""";7716814300;10
ELTZ;Электрцинк;Электроцинк ПАО ао;Акции обыкновенные;RU000A0B66V1;1-02-30394-E;3;1;RUB;TQBR;Т+: Акции и ДР - безадрес.;14.10.2008;"Публичное акционерное общество ""Электроцинк""";1500000113;1
ENPG;ЭН+ГРУП ао;МКПАО ЭН+ ГРУП ао;Акции обыкновенные;RU000A100K72;1-01-16625-A;1;7,00E-05;USD;TQBR;Т+: Акции и ДР - безадрес.;18.02.2020;"Международная компания публичное акционерное общество ""ЭН+ ГРУП""";3906382033;1
ENRU;ЭнелРос ао;"""Энел Россия"" ПАО";Акции обыкновенные;RU000A0F5UN3;1-01-50077-A;1;1;RUB;TQBR;Т+: Акции и ДР - безадрес.;01.12.2014;"Публичное акционерное общество ""Энел Россия""";6671156423;1000
ETLN;ETLN-гдр;ГДР ETALON GROUP PLC ORD SHS;DR на иностранные акции;US29760G1031;;1;0;USD;TQBR;Т+: Акции и ДР - безадрес.;03.02.2020;Bank of New York Mellon Corporation (Глобальные депозитарные расписки на акции Etalon Group Ltd.);3819;1
FB-RM;Facebook;Facebook Inc.;Иностранные акции;US30303M1027;;3;1,00E-05;USD;FQBR;Т+ Ин.Акции и ДР - безадрес.;21.05.2018;Facebook, Inc.;;1
FEES;ФСК ЕЭС ао;"""ФСК ЕЭС"" ПАО ао";Акции обыкновенные;RU000A0JPNN9;1-01-65018-D;1;0,5;RUB;TQBR;Т+: Акции и ДР - безадрес.;16.07.2008;"Публичное акционерное общество ""Федеральная сетевая компания Единой энергетической системы""";4716016979;10000
FESH;ДВМП ао;ДВ морское пароходство ПАО ао;Акции обыкновенные;RU0008992318;1-03-00032-A;3;1;RUB;TQBR;Т+: Акции и ДР - безадрес.;28.08.2008;"Публичное акционерное общество ""Дальневосточное морское пароходство""";2540047110;100
FIVE;FIVE-гдр;ГДР X5 RetailGroup N.V.ORD SHS;DR на иностранные акции;US98387E2054;;1;0;USD;TQBR;Т+: Акции и ДР - безадрес.;01.02.2018;The Bank of New York Mellon (X5 Retail Group N.V.);1000003782;1
GAZA;ГАЗ ао;ГАЗ ПАО ао;Акции обыкновенные;RU0009034268;1-01-00029-A;3;1;RUB;TQBR;Т+: Акции и ДР - безадрес.;16.12.2011;"Публичное акционерное общество ""ГАЗ""";5200000046;10
GAZAP;ГАЗ ап;ГАЗ ПАО ап;Акции привилегированные;RU000A0ZYHF5;2-02-00029-A;3;1;RUB;TQBR;Т+: Акции и ДР - безадрес.;30.03.2018;"Публичное акционерное общество ""ГАЗ""";5200000046;10
GAZC;ГАЗКОН-ао;ГАЗКОН (ПАО) ао;Акции обыкновенные;RU000A0JQG86;1-01-09870-A;3;10;RUB;TQBR;Т+: Акции и ДР - безадрес.;28.09.2011;"Публичное акционерное общество ""ГАЗКОН""";7726510759;10
GAZP;ГАЗПРОМ ао;"""Газпром"" (ПАО) ао";Акции обыкновенные;RU0007661625;1-02-00028-A;1;5;RUB;TQBR;Т+: Акции и ДР - безадрес.;23.01.2006;"Публичное акционерное общество ""Газпром""";7736050003;10
GAZS;ГАЗ-сервис;ГАЗ-сервис (ПАО) ао;Акции обыкновенные;RU000A0JQG78;1-01-09871-A;3;10;RUB;TQBR;Т+: Акции и ДР - безадрес.;28.09.2011;"Публичное акционерное общество ""ГАЗ-сервис""";7726510741;10
GAZT;ГАЗ-Тек ао;ГАЗ-Тек ПАО ао;Акции обыкновенные;RU000A0JS199;1-01-12996-A;3;100;RUB;TQBR;Т+: Акции и ДР - безадрес.;26.01.2012;"Публичное акционерное общество ""ГАЗ-Тек""";7705821841;10
GCHE;ЧеркизГ-ао;Группа Черкизово ПАО-ао;Акции обыкновенные;RU000A0JL4R1;1-02-10797-A;3;0,01;RUB;TQBR;Т+: Акции и ДР - безадрес.;08.04.2008;"Публичное акционерное общество ""Группа Черкизово""";7718560636;1
GEMA;iММЦБ ао;ПАО ММЦБ ао;Акции обыкновенные;RU000A100GC7;1-01-85932-H;3;0,1;RUB;TQBR;Т+: Акции и ДР - безадрес.;25.07.2019;"Публичное акционерное общество ""Международный Медицинский Центр Обработки и Криохранения Биоматериалов""";7736317497;1
GMKN;ГМКНорНик;"ГМК ""Нор.Никель"" ПАО ао";Акции обыкновенные;RU0007288411;1-01-40155-F;1;1;RUB;TQBR;Т+: Акции и ДР - безадрес.;26.12.2006;"Публичное акционерное общество ""Горно-металлургическая компания ""Норильский никель""";8401005730;1
GOOG-RM;Google C;Alphabet Inc.CL C;Иностранные акции;US02079K1079;;3;0,001;USD;FQBR;Т+ Ин.Акции и ДР - безадрес.;17.09.2018;Alphabet Inc.;;1
GTRK;ГТМ ао;"ПАО ""ГТМ"" ао";Акции обыкновенные;RU000A0ZYD22;1-01-84907-H;3;100;RUB;TQBR;Т+: Акции и ДР - безадрес.;03.11.2017;"Публичное акционерное общество ""ГЛОБАЛТРАК МЕНЕДЖМЕНТ""";9701082537;10
GTSS;ГЕОТЕК ао;ГЕОТЕК Сейсморазведка ПАО ао;Акции обыкновенные;RU000A0JQ7U3;1-01-55378-E;3;0,01;RUB;TQBR;Т+: Акции и ДР - безадрес.;07.08.2015;"Публичное акционерное общество ""ГЕОТЕК Сейсморазведка""";7203215460;100000
HALS;Галс-Девел;"ПАО ""Галс-Девелопмент""";Акции обыкновенные;RU000A0JNP96;1-01-01017-H;3;50;RUB;TQBR;Т+: Акции и ДР - безадрес.;27.05.2005;"Публичное акционерное общество ""Галс-Девелопмент""";7706032060;1
HIMC;Химпром ао;Химпром ПАО ао;Акции обыкновенные;RU0009098990;1-01-55076-D;3;1;RUB;TQBR;Т+: Акции и ДР - безадрес.;14.12.2011;"Публичное акционерное общество ""Химпром""";2124009521;1000
HIMCP;Химпром ап;Химпром ПАО ап;Акции привилегированные;RU0009099006;2-01-55076-D;3;1;RUB;TQBR;Т+: Акции и ДР - безадрес.;14.12.2011;"Публичное акционерное общество ""Химпром""";2124009521;100
HYDR;РусГидро;"ПАО ""РусГидро""";Акции обыкновенные;RU000A0JPKH7;1-01-55038-E;1;1;RUB;TQBR;Т+: Акции и ДР - безадрес.;22.05.2008;"Публичное акционерное общество ""Федеральная гидрогенерирующая компания - РусГидро""";2460066195;1000
IGST;Ижсталь2ао;Ижсталь ПАО ао 2в.;Акции обыкновенные;RU0002155292;1-02-30078-D;3;1000;RUB;TQBR;Т+: Акции и ДР - безадрес.;08.12.2011;"Публичное акционерное общество ""Ижсталь""";1826000655;1
IGSTP;Ижсталь ап;Ижсталь ПАО ап;Акции привилегированные;RU0002155300;2-02-30078-D;3;1000;RUB;TQBR;Т+: Акции и ДР - безадрес.;08.12.2011;"Публичное акционерное общество ""Ижсталь""";1826000655;1
INGR;ИНГРАД ао;ИНГРАД ПАО ао;Акции обыкновенные;RU000A0DJ9B4;1-01-50020-A;3;1000;RUB;TQBR;Т+: Акции и ДР - безадрес.;30.03.2020;"Публичное акционерное общество ""ИНГРАД""";7702336269;1
INTC-RM;Intel;Intel Corporation;Иностранные акции;US4581401001;;3;0,001;USD;FQBR;Т+ Ин.Акции и ДР - безадрес.;17.09.2018;Intel Corporation;;1
IRAO;ИнтерРАОао;"""Интер РАО"" ПАО ао";Акции обыкновенные;RU000A0JPNM1;1-04-33498-E;1;2,80977;RUB;TQBR;Т+: Акции и ДР - безадрес.;01.12.2009;"Публичное акционерное общество ""Интер РАО ЕЭС""";2320109650;1000
IRGZ;ИркЭнерго;Иркутскэнерго(ПАО)-ао;Акции обыкновенные;RU0008960828;1-01-00041-A;3;1;RUB;TQBR;Т+: Акции и ДР - безадрес.;10.07.2003;Иркутское публичное акционерное общество энергетики и электрификации;3800000220;100
IRKT;ИРКУТ-3;"Корпорация""ИРКУТ"" ПАО ак.об.-3";Акции обыкновенные;RU0006752979;1-03-00040-A;3;3;RUB;TQBR;Т+: Акции и ДР - безадрес.;11.01.2005;"публичное акционерное общество ""Научно-производственная корпорация ""Иркут""";3807002509;100
ISKJ;iИСКЧ ао;"ПАО ""ИСКЧ""";Акции обыкновенные;RU000A0JNAB6;1-01-08902-A;3;0,1;RUB;TQBR;Т+: Акции и ДР - безадрес.;23.05.2006;"Публичное акционерное общество ""Институт Стволовых Клеток Человека""";7702508905;100
JNOS;Славн-ЯНОС;Славнефть-ЯНОС (ПАО) ао;Акции обыкновенные;RU0009100895;1-01-00199-A;3;1;RUB;TQBR;Т+: Акции и ДР - безадрес.;14.10.2008;"Публичное акционерное общество ""Славнефть-Ярославнефтеоргсинтез""";7601001107;100
JNOSP;Слав-ЯНОСп;Славнефть-ЯНОС (ПАО) ап;Акции привилегированные;RU0009101927;2-01-00199-A;3;1;RUB;TQBR;Т+: Акции и ДР - безадрес.;22.07.2010;"Публичное акционерное общество ""Славнефть-Ярославнефтеоргсинтез""";7601001107;100
KAZT;Куйбазот;Куйбышевазот ПАО ао;Акции обыкновенные;RU000A0B9BV2;1-01-00067-A;3;1;RUB;TQBR;Т+: Акции и ДР - безадрес.;14.12.2011;"Публичное акционерное общество ""КуйбышевАзот""";6320005915;10
KAZTP;Куйбазот-п;Куйбышевазот ПАО ап;Акции привилегированные;RU000A0B9BW0;2-01-00067-A;3;1;RUB;TQBR;Т+: Акции и ДР - безадрес.;14.12.2011;"Публичное акционерное общество ""КуйбышевАзот""";6320005915;10
KBSB;ТНСэКубань;ТНС энерго Кубань ПАО ао;Акции обыкновенные;RU000A0JNJ11;1-01-55218-E;3;0,56;RUB;TQBR;Т+: Акции и ДР - безадрес.;08.02.2008;"Публичное акционерное общество ""ТНС энерго Кубань""";2308119595;10
KBTK;КузбТК ао;Кузбас.Топл.Комп. ПАО ао;Акции обыкновенные;RU000A0JPYD7;1-02-11330-F;3;0,2;RUB;TQBR;Т+: Акции и ДР - безадрес.;11.05.2010;"Публичное акционерное общество ""Кузбасская Топливная Компания""";4205003440;10
KCHE;КамчатЭ ао;Камчатскэнерго ПАО ао;Акции обыкновенные;RU0006753498;1-02-00235-A;3;0,1;RUB;TQBR;Т+: Акции и ДР - безадрес.;14.03.2008;"Публичное акционерное общество энергетики и электрификации ""Камчатскэнерго""";4100000668;10000
KCHEP;КамчатЭ ап;Камчатскэнерго ПАО ап;Акции привилегированные;RU0006753480;2-02-00235-A;3;0,1;RUB;TQBR;Т+: Акции и ДР - безадрес.;09.07.2008;"Публичное акционерное общество энергетики и электрификации ""Камчатскэнерго""";4100000668;10000
KGKC;КурганГКао;Курганская генер.комп.ПАО ао;Акции обыкновенные;RU000A0JP120;1-01-55226-E;3;7,2;RUB;TQBR;Т+: Акции и ДР - безадрес.;26.09.2012;"Публичное акционерное общество ""Курганская генерирующая компания""";4501122913;10
KGKCP;КурганГКап;Курганская генер. комп. ПАО ап;Акции привилегированные;RU000A0JP138;2-01-55226-E;3;7,2;RUB;TQBR;Т+: Акции и ДР - безадрес.;22.10.2012;"Публичное акционерное общество ""Курганская генерирующая компания""";4501122913;10
KLSB;КалужскСК;"ао""Калужская сбыт.комп.""ПАО";Акции обыкновенные;RU000A0DKZK3;1-01-65057-D;3;0,2;RUB;TQBR;Т+: Акции и ДР - безадрес.;26.08.2005;"Публичное акционерное общество ""Калужская сбытовая компания""";4029030252;100
KMAZ;КАМАЗ;КАМАЗ ПАО;Акции обыкновенные;RU0008959580;1-08-55010-D;2;50;RUB;TQBR;Т+: Акции и ДР - безадрес.;26.02.2004;"Публичное акционерное общество ""КАМАЗ""";1650032058;10
KMEZ;КМЗ;Ковровский механический завод;Акции обыкновенные;RU0006753613;1-02-05376-A;3;250;RUB;TQBR;Т+: Акции и ДР - безадрес.;07.09.2009;"публичное акционерное общество ""Ковровский механический завод""";3305004397;1
KMTZ;КосогМЗ ао;Косогорский метал. завод ПАО;Акции обыкновенные;RU000A0HF1L0;1-01-03975-A;3;1;RUB;TQBR;Т+: Акции и ДР - безадрес.;09.12.2011;"Публичное акционерное общество ""Косогорский металлургический завод""";7104002774;10
KOGK;КоршГОК ао;Коршуновский ГОК ПАО ао;Акции обыкновенные;RU0002155359;1-01-20992-F;3;1;RUB;TQBR;Т+: Акции и ДР - безадрес.;28.08.2008;"Публичное акционерное общество ""Коршуновский горно-обогатительный комбинат""";3834002314;1
KRKN;СаратНПЗ;Саратовский НПЗ ПАО ао;Акции обыкновенные;RU0009100408;1-01-00248-A;3;1;RUB;TQBR;Т+: Акции и ДР - безадрес.;08.12.2011;"Публичное акционерное общество ""Саратовский нефтеперерабатывающий завод""";6451114900;1
KRKNP;СаратНПЗ-п;Саратовский НПЗ ПАО ап;Акции привилегированные;RU0009100416;2-01-00248-A;3;1;RUB;TQBR;Т+: Акции и ДР - безадрес.;08.12.2011;"Публичное акционерное общество ""Саратовский нефтеперерабатывающий завод""";6451114900;1
KRKO;ТКЗКК ао;ТКЗ Красный котельщик ОАО ао;Акции обыкновенные;RU0009098123;1-01-30301-E;3;1;RUB;TQBR;Т+: Акции и ДР - безадрес.;09.12.2011;"Открытое акционерное общество Таганрогский котлостроительный завод ""Красный котельщик""";6154023009;100
KRKOP;ТКЗКК ап;ТКЗ Красный котельщик ОАО ап;Акции привилегированные;RU0009098131;2-01-30301-E;3;1;RUB;TQBR;Т+: Акции и ДР - безадрес.;09.12.2011;"Открытое акционерное общество Таганрогский котлостроительный завод ""Красный котельщик""";6154023009;100
KROT;КрасОкт-ао;"""КрасныйОктябрь"" ПАО - ао";Акции обыкновенные;RU0008913850;1-02-00060-A;3;1;RUB;TQBR;Т+: Акции и ДР - безадрес.;09.09.2003;"Публичное акционерное общество ""Московская кондитерская фабрика ""Красный Октябрь""";7706043263;10
KROTP;КрасОкт-1п;КрасныйОктябрь-1п;Акции привилегированные;RU0008913868;2-01-00060-A;3;1;RUB;TQBR;Т+: Акции и ДР - безадрес.;11.01.2005;"Публичное акционерное общество ""Московская кондитерская фабрика ""Красный Октябрь""";7706043263;10
KRSB;Красэсб ао;Красноярскэнергосбыт ао;Акции обыкновенные;RU000A0HMLY1;1-01-55147-E;3;0,02;RUB;TQBR;Т+: Акции и ДР - безадрес.;23.10.2008;"Публичное акционерное общество ""Красноярскэнергосбыт""";2466132221;1000
KRSBP;Красэсб ап;Красноярскэнергосбыт ап;Акции привилегированные;RU000A0HMLZ8;2-01-55147-E;3;0,02;RUB;TQBR;Т+: Акции и ДР - безадрес.;23.10.2008;"Публичное акционерное общество ""Красноярскэнергосбыт""";2466132221;1000
KSGR;Кокс ао;Кокс ПАО ао;Акции обыкновенные;RU000A0ERNT3;1-03-10799-F;3;0,1;RUB;TQBR;Т+: Акции и ДР - безадрес.;04.02.2011;"Публичное акционерное общество ""Кокс""";4205001274;10
KTSB;КСБ ао;"""Костромск.сбыт.комп"" ПАО";Акции обыкновенные;RU000A0D8LW9;1-01-55051-E;3;0,04;RUB;TQBR;Т+: Акции и ДР - безадрес.;18.08.2005;"Публичное акционерное общество ""Костромская сбытовая компания""";4401050567;1000
KTSBP;КСБ ап;"""Костромск.сбыт.комп"" ПАО";Акции привилегированные;RU000A0D8PA6;2-01-55051-E;3;0,04;RUB;TQBR;Т+: Акции и ДР - безадрес.;18.08.2005;"Публичное акционерное общество ""Костромская сбытовая компания""";4401050567;10000
KUBE;Кубанэнр;"""Кубаньэнерго"" ПАО";Акции обыкновенные;RU0009046767;1-02-00063-A;3;100;RUB;TQBR;Т+: Акции и ДР - безадрес.;30.09.2003;Публичное акционерное общество энергетики и электрификации Кубани;2309001660;10
KUNF;КУЗОЦМ ао;Каменск-Уральский завод ОАО ао;Акции обыкновенные;RU000A0JPGE2;1-01-32223-D;3;1;RUB;TQBR;Т+: Акции и ДР - безадрес.;14.12.2011;"Открытое  акционерное общество ""Каменск-Уральский завод по обработке цветных металлов""";6666003414;100
KUZB;КузнецкийБ;"Банк ""Кузнецкий"" ПАО ао";Акции обыкновенные;RU000A0JSQ66;10100609B;3;0,01;RUB;TQBR;Т+: Акции и ДР - безадрес.;05.09.2012;"Публичное акционерное общество Банк ""Кузнецкий""";5836900162;10000
KZMS;КЗМС ао;"""КЗМС"" ПАО";Акции обыкновенные;RU000A0JNHK2;1-01-30792-D;3;10;RUB;TQBR;Т+: Акции и ДР - безадрес.;15.08.2006;"Публичное акционерное общество ""Краснокамский завод металлических сеток""";5916000015;10
KZOS;ОргСинт ао;"ПАО ""Органический синтез"" ао";Акции обыкновенные;RU0009089825;1-02-55245-D;3;1;RUB;TQBR;Т+: Акции и ДР - безадрес.;05.12.2011;"Казанское публичное акционерное общество ""Органический синтез""";1658008723;10
KZOSP;ОргСинт ап;"ПАО ""Органический синтез"" ап";Акции привилегированные;RU0006753456;2-02-55245-D;3;1;RUB;TQBR;Т+: Акции и ДР - безадрес.;05.12.2011;"Казанское публичное акционерное общество ""Органический синтез""";1658008723;10
LIFE;iФармсинтз;Фармсинтез ПАО ао;Акции обыкновенные;RU000A0JR514;1-02-09669-J;3;5;RUB;TQBR;Т+: Акции и ДР - безадрес.;24.11.2010;"Публичное акционерное общество ""Фармсинтез""";7801075160;100
LKOH;ЛУКОЙЛ;НК ЛУКОЙЛ (ПАО) - ао;Акции обыкновенные;RU0009024277;1-01-00077-A;1;0,025;RUB;TQBR;Т+: Акции и ДР - безадрес.;20.08.2003;"Публичное акционерное общество ""Нефтяная компания ""ЛУКОЙЛ""";7708004767;1
LNTA;Лента др;Лента ПиЭлСи др;DR на иностранные акции;US52634T2006;;1;0;USD;TQBR;Т+: Акции и ДР - безадрес.;06.03.2014;Deutsche Bank Trust Company Americas (Лента ПиЭлСи);;1
LNZL;Лензолото;"""Лензолото"" ПАО ао";Акции обыкновенные;RU000A0JP1N2;1-02-40433-N;3;1;RUB;TQBR;Т+: Акции и ДР - безадрес.;12.12.2008;"Ленское золотодобывающее публичное акционерное общество ""Лензолото""";3802000096;1
LNZLP;Лензол. ап;"""Лензолото"" ПАО ап";Акции привилегированные;RU000A0JP1P7;2-02-40433-N;3;1;RUB;TQBR;Т+: Акции и ДР - безадрес.;18.06.2009;"Ленское золотодобывающее публичное акционерное общество ""Лензолото""";3802000096;1
LPSB;ЛЭСК ао;Липецкая энергосбыт.ком.ОАО ао;Акции обыкновенные;RU000A0D8MR7;1-01-65097-D;3;0,22;RUB;TQBR;Т+: Акции и ДР - безадрес.;16.08.2005;"Открытое акционерное общество ""Липецкая энергосбытовая компания""";4822001244;100
LSNG;РСетиЛЭ;Россети Ленэнерго ПАО-ао;Акции обыкновенные;RU0009034490;1-01-00073-A;3;1;RUB;TQBR;Т+: Акции и ДР - безадрес.;16.07.2003;"Публичное акционерное общество ""Россети Ленэнерго""";7803002209;100
LSNGP;РСетиЛЭ-п;Россети Ленэнерго ПАО-ап;Акции привилегированные;RU0009092134;2-01-00073-A;3;1;RUB;TQBR;Т+: Акции и ДР - безадрес.;16.07.2003;"Публичное акционерное общество ""Россети Ленэнерго""";7803002209;10
LSRG;ЛСР ао;Группа ЛСР ПАО ао;Акции обыкновенные;RU000A0JPFP0;1-01-55234-E;1;0,25;RUB;TQBR;Т+: Акции и ДР - безадрес.;09.11.2007;"Публичное акционерное общество ""Группа ЛСР""";7838360491;1
LVHK;Левенгук;Левенгук ОАО ао;Акции обыкновенные;RU000A0JT7Y2;1-01-04329-D;3;10;RUB;TQBR;Т+: Акции и ДР - безадрес.;28.11.2012;"Открытое акционерное общество ""Левенгук""";7839462305;100
MA-RM;Master  A;Mastercard Inc. class A;Иностранные акции;US57636Q1040;;3;0,0001;USD;FQBR;Т+ Ин.Акции и ДР - безадрес.;21.05.2018;Mastercard Incorporated (Мастеркард Инкорпорейтед);4915;1
MAGE;МагадЭн ао;"""Магаданэнерго"" ПАО ао";Акции обыкновенные;RU0006758919;1-01-00254-A;3;1;RUB;TQBR;Т+: Акции и ДР - безадрес.;12.11.2010;"Публичное акционерное общество энергетики и электрификации ""Магаданэнерго""";4909047148;1000
MAGEP;МагадЭн ап;"""Магаданэнерго"" ПАО ап";Акции привилегированные;RU0006758893;2-01-00254-A;3;1;RUB;TQBR;Т+: Акции и ДР - безадрес.;12.11.2010;"Публичное акционерное общество энергетики и электрификации ""Магаданэнерго""";4909047148;1000
MAGN;ММК;"""Магнитогорск.мет.комб"" ПАО ао";Акции обыкновенные;RU0009084396;1-03-00078-A;1;1;RUB;TQBR;Т+: Акции и ДР - безадрес.;26.12.2005;"Публичное акционерное общество ""Магнитогорский металлургический комбинат""";7414003633;100
MAIL;MAIL-гдр;ГДР Mail.ru Gr Limited ORD SHS;DR на иностранные акции;US5603172082;;1;0,01;USD;TQBR;Т+: Акции и ДР - безадрес.;02.07.2020;Citibank N.A.(Mail.ru Group Limited);1000003804;1
MCD-RM;McDonald's;McDonald's Corporation;Иностранные акции;US5801351017;;3;0,01;USD;FQBR;Т+ Ин.Акции и ДР - безадрес.;21.05.2018;McDonald's Corp;;1
MFGS;Мегион-ао;"ао ""Славнефть-Мегионнефтегаз""";Акции обыкновенные;RU0009011126;1-03-00149-A;3;25;RUB;TQBR;Т+: Акции и ДР - безадрес.;11.01.2005;"Публичное акционерное общество ""Славнефть - Мегионнефтегаз""";8605003932;10
MFGSP;Мегион-ап;ап Мегионнефтегаз;Акции привилегированные;RU0009011134;2-03-00149-A;3;25;RUB;TQBR;Т+: Акции и ДР - безадрес.;11.01.2005;"Публичное акционерное общество ""Славнефть - Мегионнефтегаз""";8605003932;10
MFON;МегаФон ао;МегаФон ПАО ао;Акции обыкновенные;RU000A0JS942;1-03-00822-J;3;0,1;RUB;TQBR;Т+: Акции и ДР - безадрес.;28.11.2012;"Публичное акционерное общество ""МегаФон""";7812014560;1
MGNT;Магнит ао;"""Магнит"" ПАО ао";Акции обыкновенные;RU000A0JKQU8;1-01-60525-P;1;0,01;RUB;TQBR;Т+: Акции и ДР - безадрес.;24.04.2006;"Публичное акционерное общество ""Магнит""";2309085638;1
MGNZ;СМЗ-ао;Соликамский магн.завод(ОАО)ао;Акции обыкновенные;RU0009100911;1-01-00283-A;3;0,25;RUB;TQBR;Т+: Акции и ДР - безадрес.;14.10.2008;"Открытое акционерное общество ""Соликамский магниевый завод""";5919470019;1
MGTS;МГТС-5ао;"ПАО ""МГТС"" ао (5 в)";Акции обыкновенные;RU0009036461;1-05-00083-A;3;40;RUB;TQBR;Т+: Акции и ДР - безадрес.;11.01.2005;"Публичное акционерное общество ""Московская городская телефонная сеть""";7710016640;1
MGTSP;МГТС-4ап;"ПАО ""МГТС"" ап (4 в)";Акции привилегированные;RU0009036479;2-04-00083-A;3;40;RUB;TQBR;Т+: Акции и ДР - безадрес.;11.01.2005;"Публичное акционерное общество ""Московская городская телефонная сеть""";7710016640;1
MISB;ТНСэнМарЭл;ТНС энерго Марий Эл ПАО ао;Акции обыкновенные;RU000A0D8K33;1-01-50086-A;3;0,1;RUB;TQBR;Т+: Акции и ДР - безадрес.;26.08.2005;"Публичное акционерное общество ""ТНС энерго Марий Эл""";1215099739;100
MISBP;ТНСэМаЭл-п;ТНС энерго Марий Эл ПАО ап;Акции привилегированные;RU000A0D8K41;2-01-50086-A;3;0,1;RUB;TQBR;Т+: Акции и ДР - безадрес.;26.08.2005;"Публичное акционерное общество ""ТНС энерго Марий Эл""";1215099739;100
MOBB;МосОблБанк;Московский областной банк ПАО;Акции обыкновенные;RU000A0JS7V9;10101751B;3;1;RUB;TQBR;Т+: Акции и ДР - безадрес.;20.07.2012;Публичное акционерное общество МОСКОВСКИЙ ОБЛАСТНОЙ БАНК;7750005588;100
MOEX;МосБиржа;ПАО Московская Биржа;Акции обыкновенные;RU000A0JR4A1;1-05-08443-H;1;1;RUB;TQBR;Т+: Акции и ДР - безадрес.;04.02.2013;"Публичное акционерное общество ""Московская Биржа ММВБ-РТС""";7702077840;10
MORI;Морион ао;Морион ПАО ао;Акции обыкновенные;RU0009092431;1-01-30493-D;3;1;RUB;TQBR;Т+: Акции и ДР - безадрес.;14.12.2011;"Публичное акционерное общество ""Морион""";5905000038;1000
MRKC;МРСК Центр;"""МРСК Центра"" ПАО ао";Акции обыкновенные;RU000A0JPPL8;1-01-10214-A;2;0,1;RUB;TQBR;Т+: Акции и ДР - безадрес.;21.05.2008;"Публичное акционерное общество ""Межрегиональная распределительная сетевая компания Центра""";6901067107;1000
MRKK;Россети СК;Россети Сев. Кавказ ао;Акции обыкновенные;RU000A0JPPQ7;1-01-34747-E;3;1;RUB;TQBR;Т+: Акции и ДР - безадрес.;19.06.2008;"Публичное акционерное общество ""Россети Северный Кавказ""";2632082033;10
MRKP;МРСК ЦП;МРСК Центр. и Приволж. ао;Акции обыкновенные;RU000A0JPN96;1-01-12665-E;2;0,1;RUB;TQBR;Т+: Акции и ДР - безадрес.;07.04.2008;"Публичное акционерное общество ""Межрегиональная распределительная сетевая компания Центра и Приволжья""";5260200603;10000
MRKS;МРСКСиб;МРСК Сибири ао;Акции обыкновенные;RU000A0JPPF0;1-01-12044-F;2;0,1;RUB;TQBR;Т+: Акции и ДР - безадрес.;05.06.2008;"Публичное акционерное общество ""Межрегиональная распределительная сетевая компания Сибири""";2460069527;10000
MRKU;МРСК Ур;МРСК Урала (ОАО) ао;Акции обыкновенные;RU000A0JPPT1;1-01-32501-D;2;0,1;RUB;TQBR;Т+: Акции и ДР - безадрес.;18.06.2008;"Открытое акционерное общество ""Межрегиональная распределительная сетевая компания Урала""";6671163413;10000
MRKV;МРСКВол;МРСК Волги ао;Акции обыкновенные;RU000A0JPPN4;1-01-04247-E;2;0,1;RUB;TQBR;Т+: Акции и ДР - безадрес.;23.05.2008;"Публичное акционерное общество ""Межрегиональная распределительная сетевая компания Волги""";6450925977;10000
MRKY;РоссЮг ао;Россети Юг  (ПАО) ао;Акции обыкновенные;RU000A0JPPG8;1-01-34956-E;3;0,1;RUB;TQBR;Т+: Акции и ДР - безадрес.;22.08.2008;"Публичное акционерное общество ""Россети Юг""";6164266561;10000
MRKZ;МРСК СЗ;МРСК Северо-Запада ао;Акции обыкновенные;RU000A0JPPB9;1-01-03347-D;2;0,1;RUB;TQBR;Т+: Акции и ДР - безадрес.;29.05.2008;"Публичное акционерное общество ""Межрегиональная распределительная сетевая компания Северо-Запада""";7802312751;10000
MRSB;МордЭнСб;Мордовск.энергсбыт.комп.ПАО ао;Акции обыкновенные;RU000A0D9AJ7;1-01-55055-E;3;0,0136;RUB;TQBR;Т+: Акции и ДР - безадрес.;01.09.2005;"Публичное акционерное общество ""Мордовская энергосбытовая компания""";1326192645;10000
MSFT-RM;Microsoft;Microsoft Corporation;Иностранные акции;US5949181045;;3;1,00E-05;USD;FQBR;Т+ Ин.Акции и ДР - безадрес.;21.05.2018;Microsoft Corp;;1
MSNG;#ИМЯ?;МосЭнерго акции обыкн.;Акции обыкновенные;RU0008958863;1-01-00085-A;1;1;RUB;TQBR;Т+: Акции и ДР - безадрес.;11.01.2005;"Публичное акционерное общество энергетики и электрификации ""Мосэнерго""";7705035012;1000
MSRS;РСетиМР ао;ПАО Россети Моск.рег. ао;Акции обыкновенные;RU000A0ET7Y7;1-01-65116-D;2;0,5;RUB;TQBR;Т+: Акции и ДР - безадрес.;09.02.2006;"Публичное акционерное общество ""Россети Московский регион""";5036065113;1000
MSTT;Мостотрест;"ПАО ""МОСТОТРЕСТ"" ао";Акции обыкновенные;RU0009177331;1-03-02472-A;2;0,14;RUB;TQBR;Т+: Акции и ДР - безадрес.;03.11.2010;"Публичное акционерное общество ""МОСТОТРЕСТ""";7701045732;10
MTLR;Мечел ао;Мечел ПАО ао;Акции обыкновенные;RU000A0DKXV5;1-01-55005-E;1;10;RUB;TQBR;Т+: Акции и ДР - безадрес.;26.12.2008;"Публичное акционерное общество ""Мечел""";7703370008;1
MTLRP;Мечел ап;Мечел ПАО ап;Акции привилегированные;RU000A0JPV70;2-01-55005-E;1;10;RUB;TQBR;Т+: Акции и ДР - безадрес.;21.04.2011;"Публичное акционерное общество ""Мечел""";7703370008;10
MTSS;МТС-ао;Мобильные ТелеСистемы ПАО ао;Акции обыкновенные;RU0007775219;1-01-04715-A;1;0,1;RUB;TQBR;Т+: Акции и ДР - безадрес.;11.02.2004;"Публичное акционерное общество ""Мобильные ТелеСистемы""";7740000076;10
MU-RM;Micron;Micron Technology, Inc.;Иностранные акции;US5951121038;;3;0,1;USD;FQBR;Т+ Ин.Акции и ДР - безадрес.;21.05.2018;Micron Technology, Inc. (Микрон Текноложди, Инк.);4916;1
MVID;М.видео;"""М.видео"" ПАО ао";Акции обыкновенные;RU000A0JPGA0;1-02-11700-A;1;10;RUB;TQBR;Т+: Акции и ДР - безадрес.;01.11.2007;"Публичное акционерное общество ""М.видео""";7707602010;10
NAUK;iНПОНаука;НПО Наука ао;Акции обыкновенные;RU000A0JRPX9;1-01-04440-A;3;0,2;RUB;TQBR;Т+: Акции и ДР - безадрес.;15.12.2011;"Публичное акционерное общество Научно-производственное объединение ""Наука""";7714005350;10
NFAZ;Нефтекамск;Нефтекамский автозавод ПАО ао;Акции обыкновенные;RU0009115604;1-01-30520-D;3;1;RUB;TQBR;Т+: Акции и ДР - безадрес.;09.09.2011;"Публичное акционерное общество ""Нефтекамский автозавод""";264004103;10
NFLX-RM;Netflix;Netflix, Inc.;Иностранные акции;US64110L1061;;3;0,001;USD;FQBR;Т+ Ин.Акции и ДР - безадрес.;21.05.2018;Netflix, Inc. (Нетфликс, Инк.);4917;1
NKHP;НКХП ао;НКХП ПАО ао;Акции обыкновенные;RU000A0BLWD7;1-03-35684-E;3;1;RUB;TQBR;Т+: Акции и ДР - безадрес.;17.11.2015;"Публичное акционерное общество ""Новороссийский комбинат хлебопродуктов""";2315014748;10
NKNC;НКНХ ао;"""Нижнекамскнефтехим"" ПАО ао";Акции обыкновенные;RU0009100507;1-02-00096-A;3;1;RUB;TQBR;Т+: Акции и ДР - безадрес.;04.04.2008;"Публичное Акционерное Общество ""Нижнекамскнефтехим""";1651000010;10
NKNCP;НКНХ ап;"""Нижнекамскнефтехим"" ПАО ап";Акции привилегированные;RU0006765096;2-02-00096-A;3;1;RUB;TQBR;Т+: Акции и ДР - безадрес.;04.04.2008;"Публичное Акционерное Общество ""Нижнекамскнефтехим""";1651000010;10
NKSH;Нижкамшина;Нижнекамскшина ПАО ао;Акции обыкновенные;RU0009100515;1-02-55032-D;3;1;RUB;TQBR;Т+: Акции и ДР - безадрес.;14.12.2011;"Публичное акционерное общество ""Нижнекамскшина""";1651000027;100
NLMK;НЛМК ао;"ПАО ""НЛМК"" ао";Акции обыкновенные;RU0009046452;1-01-00102-A;1;1;RUB;TQBR;Т+: Акции и ДР - безадрес.;06.04.2006;"Публичное акционерное общество ""Новолипецкий металлургический комбинат""";4823006703;10
NMTP;НМТП ао;НМТП (ПАО) ао;Акции обыкновенные;RU0009084446;1-01-30251-E;3;0,01;RUB;TQBR;Т+: Акции и ДР - безадрес.;08.11.2007;"Публичное акционерное общество ""Новороссийский морской торговый порт""";2315004404;100
NNSB;ТНСэнНН ао;ТНС энерго Нижний Новг.ПАО ао;Акции обыкновенные;RU000A0ET5A1;1-01-55072-E;3;11,88;RUB;TQBR;Т+: Акции и ДР - безадрес.;08.11.2005;"Публичное акционерное общество ""ТНС энерго Нижний Новгород""";5260148520;1
NNSBP;ТНСэнНН ап;ТНС энерго Нижний Новг.ПАО ап;Акции привилегированные;RU000A0ET5B9;2-01-55072-E;3;11,88;RUB;TQBR;Т+: Акции и ДР - безадрес.;08.11.2005;"Публичное акционерное общество ""ТНС энерго Нижний Новгород""";5260148520;1
NPOF;Физика ао;"ОАО ""НПО Физика"" ао";Акции обыкновенные;RU000A0JQ5X1;1-02-05481-A;3;120;RUB;TQBR;Т+: Акции и ДР - безадрес.;05.12.2011;"Открытое акционерное общество ""Научно-производственное объединение ""Физика""";7726019607;1
NSVZ;НаукаСвяз;Наука-Связь ПАО ао;Акции обыкновенные;RU000A0JQLB6;1-01-12689-A;3;1;RUB;TQBR;Т+: Акции и ДР - безадрес.;13.12.2011;"Публичное акционерное общество ""Наука-Связь""";7714716995;10
NVDA-RM;NVIDIA;NVIDIA Corporation;Иностранные акции;US67066G1040;;3;0,001;USD;FQBR;Т+ Ин.Акции и ДР - безадрес.;21.05.2018;NVIDIA Corporation;;1
NVTK;Новатэк ао;"ПАО ""НОВАТЭК"" ао";Акции обыкновенные;RU000A0DKVS5;1-02-00268-E;1;0,1;RUB;TQBR;Т+: Акции и ДР - безадрес.;18.08.2006;"публичное акционерное общество ""НОВАТЭК""";6316031581;1
OBUV;ОР ао;"ПАО ""ОР"" ао";Акции обыкновенные;RU000A0JXKG3;1-01-50161-A;2;100;RUB;TQBR;Т+: Акции и ДР - безадрес.;20.10.2017;"Публичное акционерное общество ""ОР""";5410779580;10
OGKB;ОГК-2 ао;ОГК-2 ПАО ао;Акции обыкновенные;RU000A0JNG55;1-02-65105-D;2;0,3627;RUB;TQBR;Т+: Акции и ДР - безадрес.;22.06.2007;"Публичное акционерное общество ""Вторая генерирующая компания оптового рынка электроэнергии""";2607018122;1000
OMZZP;ОМЗ-ап;"ап""Объединён.  маш. заводы""";Акции привилегированные;RU0009090559;2-01-30174-D;3;0,1;RUB;TQBR;Т+: Акции и ДР - безадрес.;28.09.2004;Публичное акционерное общество Объединенные машиностроительные заводы (Группа Уралмаш-Ижора);6663059899;1
PAZA;ПавлАвт ао;Павловский автобус ПАО ао;Акции обыкновенные;RU0009083240;1-02-00261-A;3;415;RUB;TQBR;Т+: Акции и ДР - безадрес.;08.12.2011;"Публичное акционерное общество ""Павловский автобус""";5252000350;1
PFE-RM;Pfizer;PFIZER INC.;Иностранные акции;US7170811035;;3;0,05;USD;FQBR;Т+ Ин.Акции и ДР - безадрес.;17.09.2018;PFIZER INC.;;1
PHOR;ФосАгро ао;ФосАгро ПАО ао;Акции обыкновенные;RU000A0JRKT8;1-02-06556-A;1;2,5;RUB;TQBR;Т+: Акции и ДР - безадрес.;18.07.2011;"Публичное акционерное общество ""ФосАгро""";7736216869;1
PIKK;ПИК ао;Группа компания ПИК ПАО ао;Акции обыкновенные;RU000A0JP7J7;1-02-01556-A;1;62,5;RUB;TQBR;Т+: Акции и ДР - безадрес.;13.06.2007;"Публичное акционерное общество ""Группа Компаний ПИК""";7713011336;10
PLZL;Полюс;Полюс ПАО ао;Акции обыкновенные;RU000A0JNAA8;1-01-55192-E;1;1;RUB;TQBR;Т+: Акции и ДР - безадрес.;12.05.2006;"Публичное акционерное общество ""Полюс""";7703389295;1
PMSB;ПермьЭнСб;"""Пермэнергосбыт"" ПАО ао";Акции обыкновенные;RU000A0ET123;1-01-55084-E;3;3,25;RUB;TQBR;Т+: Акции и ДР - безадрес.;09.02.2006;"Публичное акционерное общество ""Пермская энергосбытовая компания""";5904123809;10
PMSBP;ПермьЭнС-п;"""Пермэнергосбыт"" ПАО ап";Акции привилегированные;RU000A0ET156;2-01-55084-E;3;3,25;RUB;TQBR;Т+: Акции и ДР - безадрес.;09.02.2006;"Публичное акционерное общество ""Пермская энергосбытовая компания""";5904123809;10
POGR;Petropavl;Petropavlovsk PLC;Иностранные акции;GB0031544546;;1;0,01;GBP;TQBR;Т+: Акции и ДР - безадрес.;25.06.2020;Petropavlovsk PLC;;100
POLY;Polymetal;Polymetal International plc;Иностранные акции;JE00B6T5S470;;1;0;GBP;TQBR;Т+: Акции и ДР - безадрес.;17.06.2013;Полиметалл Интернэшнл плс (Polymetal International plc);10033331;1
PRMB;Приморье;"АКБ ""Приморье"" ао";Акции обыкновенные;RU000A0DPNQ5;10103001B;3;1000;RUB;TQBR;Т+: Акции и ДР - безадрес.;03.05.2011;"акционерный коммерческий банк ""Приморье""  (публичное акционерное общество)";2536020789;1
PRTK;ПРОТЕК ао;ПРОТЕК (ПАО) ао;Акции обыкновенные;RU000A0JQU47;1-02-07615-A;3;0,01;RUB;TQBR;Т+: Акции и ДР - безадрес.;27.04.2010;"Публичное акционерное общество ""ПРОТЕК""";7715354473;10
QIWI;iQIWI;QIWI PLC;DR на иностранные акции;US74735M1080;;1;0;USD;TQBR;Т+: Акции и ДР - безадрес.;08.10.2013;КИВИ ПиЭлСи (QIWI PLC);1000000000;1
RASP;Распадская;ПАО Распадская ао;Акции обыкновенные;RU000A0B90N8;1-04-21725-N;2;0,004;RUB;TQBR;Т+: Акции и ДР - безадрес.;14.11.2006;"Публичное акционерное общество ""Распадская""";4214002316;10
RAVN;Raven;Raven Property Group Limited;Иностранные акции;GB00B0D5V538;;3;0,01;GBP;TQBR;Т+: Акции и ДР - безадрес.;03.10.2018;Raven Property group Limited;43371;100
RBCM;РБК ао;РБК ПАО ао;Акции обыкновенные;RU000A0JR6A6;1-02-56413-H;3;0,00064;RUB;TQBR;Т+: Акции и ДР - безадрес.;19.01.2011;"Публичное акционерное общество ""РБК""";7728547955;100
RDRB;РДБанк ао;РоссийскийДорож Банк ПАО ао;Акции обыкновенные;RU000A0JU6Q7;10201573B;3;124;RUB;TQBR;Т+: Акции и ДР - безадрес.;31.10.2013;"""Российский акционерный коммерческий дорожный банк"" (публичное акционерное общество)";7718011918;10
RGSS;РГС СК ао;Росгосстрах СК ПАО ао;Акции обыкновенные;RU0008010855;1-03-10003-Z;3;0,04;RUB;TQBR;Т+: Акции и ДР - безадрес.;19.11.2013;"Публичное акционерное общество Страховая Компания ""Росгосстрах""";7707067683;1000
RKKE;ЭнергияРКК;РКК Энергия им.С.П.Королева ао;Акции обыкновенные;RU0009095939;1-03-01091-A;3;1000;RUB;TQBR;Т+: Акции и ДР - безадрес.;29.05.2008;"Публичное акционерное общество ""Ракетно-космическая корпорация ""Энергия"" имени С.П. Королёва""";5018033937;1
RLMN;Роллман;Группа Компаний Роллман ПАО ао;Акции обыкновенные;RU000A0JTAP3;1-01-05257-D;3;100;RUB;TQBR;Т+: Акции и ДР - безадрес.;19.12.2012;"Публичное акционерное общество ""Группа Компаний  ""Роллман""";7841445498;10
RLMNP;Роллман-п;Группа Компаний Роллман ПАО ап;Акции привилегированные;RU000A0JU229;2-01-05257-D;3;100;RUB;TQBR;Т+: Акции и ДР - безадрес.;05.05.2014;"Публичное акционерное общество ""Группа Компаний  ""Роллман""";7841445498;10
RNFT;РуссНфт ао;РуссНефть НК ПАО ао;Акции обыкновенные;RU000A0JSE60;1-02-39134-H;1;0,5;RUB;TQBR;Т+: Акции и ДР - безадрес.;18.11.2016;"Публичное акционерное общество Нефтегазовая компания ""РуссНефть""";7717133960;1
ROLO;Русолово;"""Русолово"" ПАО ао";Акции обыкновенные;RU000A0JU1B0;1-01-15065-A;3;1;RUB;TQBR;Т+: Акции и ДР - безадрес.;12.08.2013;"Публичное акционерное общество ""Русолово""";7706774915;1000
ROSB;Росбанк ао;РОСБАНК ПАО ао;Акции обыкновенные;RU000A0HHK26;10102272B;3;10;RUB;TQBR;Т+: Акции и ДР - безадрес.;30.01.2006;Публичное акционерное общество РОСБАНК;7730060164;10
ROSN;Роснефть;ПАО НК Роснефть;Акции обыкновенные;RU000A0J2Q06;1-02-00122-A;1;0,01;RUB;TQBR;Т+: Акции и ДР - безадрес.;19.07.2006;"публичное акционерное общество ""Нефтяная компания ""Роснефть""";7706107510;10
ROST;РОСИНТЕРао;РОСИНТЕР РЕСТОРАНТС (ПАО);Акции обыкновенные;RU000A0JP922;1-02-55033-E;3;169,7;RUB;TQBR;Т+: Акции и ДР - безадрес.;11.08.2008;"Публичное акционерное общество ""РОСИНТЕР РЕСТОРАНТС ХОЛДИНГ""";7722514880;10
RSTI;Россети ао;"""Российские сети"" ПАО ао";Акции обыкновенные;RU000A0JPVJ0;1-01-55385-E;1;1;RUB;TQBR;Т+: Акции и ДР - безадрес.;06.01.2014;"Публичное акционерное общество ""Российские сети""";7728662669;1000
RSTIP;Россети ап;"""Российские сети"" ПАО ап";Акции привилегированные;RU000A0JPVK8;2-01-55385-E;1;1;RUB;TQBR;Т+: Акции и ДР - безадрес.;06.01.2014;"Публичное акционерное общество ""Российские сети""";7728662669;1000
RTGZ;ГазпРнД ао;Газпром газорасп Р-н-Д ПАО ао;Акции обыкновенные;RU000A0JPG04;1-02-30742-E;3;2000;RUB;TQBR;Т+: Акции и ДР - безадрес.;07.11.2012;"Публичное акционерное общество ""Газпром газораспределение Ростов-на-Дону""";6163000368;1
RTKM;Ростел -ао;Ростелеком (ПАО) ао.;Акции обыкновенные;RU0008943394;1-01-00124-A;1;0,0025;RUB;TQBR;Т+: Акции и ДР - безадрес.;11.01.2005;"Публичное акционерное общество ""Ростелеком""";7707049388;10
RTKMP;Ростел -ап;Ростелеком (ПАО) ап.;Акции привилегированные;RU0009046700;2-01-00124-A;1;0,0025;RUB;TQBR;Т+: Акции и ДР - безадрес.;11.01.2005;"Публичное акционерное общество ""Ростелеком""";7707049388;10
RTSB;ТНСэнРст;ТНС энерго Ростов. ПАО ао;Акции обыкновенные;RU000A0D8PB4;1-01-50095-A;3;0,02;RUB;TQBR;Т+: Акции и ДР - безадрес.;26.12.2005;"Публичное акционерное общество ""ТНС энерго Ростов-на-Дону""";6168002922;10000
RTSBP;ТНСэнРст-п;ТНС энерго Ростов. ПАО ап;Акции привилегированные;RU000A0D8PC2;2-01-50095-A;3;0,02;RUB;TQBR;Т+: Акции и ДР - безадрес.;26.12.2005;"Публичное акционерное общество ""ТНС энерго Ростов-на-Дону""";6168002922;10000
RUAL;RUSAL plc;United Company RUSAL Plc;Иностранные акции;JE00B5BCW814;;1;0,01;USD;TQBR;Т+: Акции и ДР - безадрес.;30.03.2015;Юнайтед Компани РУСАЛ Плс (United Company RUSAL Plc);10035101;10
RUGR;Русгрэйн;Русгрэйн Холдинг ПАО ао;Акции обыкновенные;RU000A0JPNP4;1-02-50043-H;3;1;RUB;TQBR;Т+: Акции и ДР - безадрес.;13.08.2010;"Публичное акционерное общество ""Русгрэйн Холдинг""";7706533405;10
RUSI;ИКРУСС-ИНВ;РУСС-ИНВЕСТ ИК ПАО ао;Акции обыкновенные;RU000A0JQ9W5;1-01-00409-A;3;1;RUB;TQBR;Т+: Акции и ДР - безадрес.;23.11.2011;"Публичное акционерное общество ""ИНВЕСТИЦИОННАЯ КОМПАНИЯ ИК РУСС-ИНВЕСТ""";7704081545;100
RUSP;Русполимет;Русполимет ПАО ао;Акции обыкновенные;RU000A0JNH21;1-01-55157-E;3;0,03;RUB;TQBR;Т+: Акции и ДР - безадрес.;28.08.2008;"Публичное акционерное общество ""Русполимет""";5251008501;10000
RZSB;РязЭнСб;"""Рязанская энергосб.комп"" ПАО";Акции обыкновенные;RU000A0D9AF5;1-01-50092-A;3;0,05;RUB;TQBR;Т+: Акции и ДР - безадрес.;16.09.2005;"Публичное акционерное общество ""Рязанская энергетическая сбытовая компания""";6229049014;1000
SAGO;СамарЭн-ао;Самараэнерго (ПАО) - ао;Акции обыкновенные;RU0009098255;1-02-00127-A;3;0,25;RUB;TQBR;Т+: Акции и ДР - безадрес.;21.07.2003;"Публичное акционерное общество энергетики и электрификации ""Самараэнерго""";6315222985;10000
SAGOP;СамарЭн-ап;Самараэнерго (ПАО) - ап;Акции привилегированные;RU0009084495;2-02-00127-A;3;0,01;RUB;TQBR;Т+: Акции и ДР - безадрес.;21.07.2003;"Публичное акционерное общество энергетики и электрификации ""Самараэнерго""";6315222985;10000
SARE;СаратЭн-ао;Саратовэнерго(ПАО)-ао;Акции обыкновенные;RU0009100754;1-02-00132-A;3;0,02;RUB;TQBR;Т+: Акции и ДР - безадрес.;24.11.2011;"Публичное акционерное общество ""Саратовэнерго""";6450014808;10000
SAREP;СаратЭн-ап;Саратовэнерго(ПАО)-ап;Акции привилегированные;RU0009100762;2-02-00132-A;3;0,02113;RUB;TQBR;Т+: Акции и ДР - безадрес.;24.11.2011;"Публичное акционерное общество ""Саратовэнерго""";6450014808;10000
SBER;Сбербанк;Сбербанк России ПАО ао;Акции обыкновенные;RU0009029540;10301481B;1;3;RUB;TQBR;Т+: Акции и ДР - безадрес.;20.07.2007;"Публичное акционерное общество ""Сбербанк России""";7707083893;10
SBERP;Сбербанк-п;Сбербанк России ПАО ап;Акции привилегированные;RU0009029557;20301481B;1;3;RUB;TQBR;Т+: Акции и ДР - безадрес.;20.07.2007;"Публичное акционерное общество ""Сбербанк России""";7707083893;10
SELG;Селигдар;"ПАО ""Селигдар""  ао";Акции обыкновенные;RU000A0JPR50;1-01-32694-F;2;1;RUB;TQBR;Т+: Акции и ДР - безадрес.;22.09.2011;"Публичное акционерное общество ""Селигдар""";1402047184;100
SELGP;Селигдар-п;"ПАО ""Селигдар"" ап";Акции привилегированные;RU000A0JS2J5;2-01-32694-F;2;1;RUB;TQBR;Т+: Акции и ДР - безадрес.;11.05.2012;"Публичное акционерное общество ""Селигдар""";1402047184;100
SFIN;САФМАР ао;САФМАР Фин.Инвестиции ПАО ао;Акции обыкновенные;RU000A0JVW89;1-02-56453-P;1;0,67;RUB;TQBR;Т+: Акции и ДР - безадрес.;04.12.2015;"Публичное акционерное общество ""САФМАР Финансовые инвестиции""";6164077483;10
SIBN;Газпрнефть;Газпром нефть ПАО ао;Акции обыкновенные;RU0009062467;1-01-00146-A;3;0,0016;RUB;TQBR;Т+: Акции и ДР - безадрес.;10.07.2003;"Публичное акционерное общество ""Газпром нефть""";5504036333;10
SLEN;Сахэнер ао;"ПАО ""Сахалинэнерго"" ао";Акции обыкновенные;RU0009280465;1-03-00272-A;3;10;RUB;TQBR;Т+: Акции и ДР - безадрес.;06.02.2017;"Публичное акционерное общество энергетики и электрификации ""Сахалинэнерго""";6500000024;100
SNGS;Сургнфгз;Сургутнефтегаз ПАО акции об.;Акции обыкновенные;RU0008926258;1-01-00155-A;2;1;RUB;TQBR;Т+: Акции и ДР - безадрес.;11.01.2005;"Публичное акционерное общество ""Сургутнефтегаз""";8602060555;100
SNGSP;Сургнфгз-п;Сургутнефтегаз ПАО ап;Акции привилегированные;RU0009029524;2-01-00155-A;2;1;RUB;TQBR;Т+: Акции и ДР - безадрес.;11.01.2005;"Публичное акционерное общество ""Сургутнефтегаз""";8602060555;100
STSB;СтаврЭнСб;Ставрополэнергосбыт ПАО ао;Акции обыкновенные;RU000A0ET1W4;1-01-50119-A;3;0,0048;RUB;TQBR;Т+: Акции и ДР - безадрес.;28.03.2008;"Публичное акционерное общество ""Ставропольэнергосбыт""";2626033550;1000
STSBP;СтаврЭнСбп;Ставрополэнергосбыт ПАО ап;Акции привилегированные;RU000A0ET1Z7;2-01-50119-A;3;0,0048;RUB;TQBR;Т+: Акции и ДР - безадрес.;28.03.2008;"Публичное акционерное общество ""Ставропольэнергосбыт""";2626033550;1000
SVAV;СОЛЛЕРС;"ОАО ""СОЛЛЕРС"" ао";Акции обыкновенные;RU0006914488;1-01-02461-D;2;12,5;RUB;TQBR;Т+: Акции и ДР - безадрес.;22.04.2005;"Публичное акционерное общество ""СОЛЛЕРС""";3528079131;10
T-RM;ATT;AT&T Inc.;Иностранные акции;US00206R1023;;3;1;USD;FQBR;Т+ Ин.Акции и ДР - безадрес.;17.09.2018;ATT Inc.;;1
TASB;ТамбЭнСб;"ао""Тамбов.энергсбыт.комп.""ПАО";Акции обыкновенные;RU000A0D8NG8;1-01-65100-D;3;0,02;RUB;TQBR;Т+: Акции и ДР - безадрес.;08.08.2005;"Публичное акционерное общество ""Тамбовская энергосбытовая компания""";6829010210;10000
TASBP;ТамбЭнСб-п;"ап""Тамбов.энергсбыт.комп.""ПАО";Акции привилегированные;RU000A0D8NH6;2-01-65100-D;3;0,02;RUB;TQBR;Т+: Акции и ДР - безадрес.;08.08.2005;"Публичное акционерное общество ""Тамбовская энергосбытовая компания""";6829010210;10000
TATN;Татнфт 3ао;"ПАО ""Татнефть"" ао";Акции обыкновенные;RU0009033591;1-03-00161-A;1;1;RUB;TQBR;Т+: Акции и ДР - безадрес.;11.01.2005;"Публичное акционерное общество ""Татнефть"" имени В.Д. Шашина";1644003838;1
TATNP;Татнфт 3ап;"ПАО ""Татнефть"" ап 3 вып.";Акции привилегированные;RU0006944147;2-03-00161-A;1;1;RUB;TQBR;Т+: Акции и ДР - безадрес.;11.01.2005;"Публичное акционерное общество ""Татнефть"" имени В.Д. Шашина";1644003838;1
TCSG;TCS-гдр;ГДР TCS Group Holding ORD SHS;DR на иностранные акции;US87238U2033;;1;0;USD;TQBR;Т+: Акции и ДР - безадрес.;28.10.2019;JPMorgan Chase Bank, National Association;4172;1
TGKA;ТГК-1;"ао ПАО ""ТГК-1""";Акции обыкновенные;RU000A0JNUD0;1-01-03388-D;1;0,01;RUB;TQBR;Т+: Акции и ДР - безадрес.;26.03.2007;"Публичное акционерное общество ""Территориальная генерирующая компания №1""";7841312071;100000
TGKB;ТГК-2;"ао ПАО ""ТГК-2""";Акции обыкновенные;RU000A0JNGS7;1-01-10420-A;3;0,01;RUB;TQBR;Т+: Акции и ДР - безадрес.;20.10.2006;"Публичное акционерное общество ""Территориальная генерирующая компания №2""";7606053324;1000000
TGKBP;ТГК-2 ап;"ап ПАО ""ТГК-2""";Акции привилегированные;RU000A0JNGT5;2-01-10420-A;3;0,01;RUB;TQBR;Т+: Акции и ДР - безадрес.;30.01.2007;"Публичное акционерное общество ""Территориальная генерирующая компания №2""";7606053324;1000000
TGKD;Квадра;Квадра ПАО ао;Акции обыкновенные;RU000A0JNMZ0;1-01-43069-A;3;0,01;RUB;TQBR;Т+: Акции и ДР - безадрес.;02.03.2007;"Публичное акционерное общество ""Квадра - Генерирующая компания""";6829012680;100000
TGKDP;Квадра-п;Квадра ПАО ап;Акции привилегированные;RU000A0JNNB9;2-01-43069-A;3;0,01;RUB;TQBR;Т+: Акции и ДР - безадрес.;27.03.2007;"Публичное акционерное общество ""Квадра - Генерирующая компания""";6829012680;100000
TGKN;ТГК-14;"ао ПАО ""ТГК-14""";Акции обыкновенные;RU000A0H1ES3;1-01-22451-F;2;0,001;RUB;TQBR;Т+: Акции и ДР - безадрес.;25.01.2007;"Публичное акционерное общество ""Территориальная генерирующая компания № 14""";7534018889;1000000
TNSE;ТНСэнрг ао;"ПАО ГК ""ТНС энерго"" ао";Акции обыкновенные;RU000A0JUCQ5;1-01-15521-A;3;1;RUB;TQBR;Т+: Акции и ДР - безадрес.;17.06.2015;"Публичное акционерное общество Группа компаний ""ТНС энерго""";7705541227;1
TORS;ТРК ао;"ао ""Томская распределит.комп.""";Акции обыкновенные;RU000A0ETZF2;1-01-50128-A;3;0,4916;RUB;TQBR;Т+: Акции и ДР - безадрес.;28.12.2005;"Публичное акционерное общество ""Томская распределительная компания""";7017114672;10000
TORSP;ТРК ап;"ап ""Томская распределит.комп.""";Акции привилегированные;RU000A0ETZM8;2-01-50128-A;3;0,4916;RUB;TQBR;Т+: Акции и ДР - безадрес.;28.12.2005;"Публичное акционерное общество ""Томская распределительная компания""";7017114672;10000
TRCN;ТрансК ао;ТрансКонтейнер ПАО ао;Акции обыкновенные;RU000A0JPRX9;1-01-55194-E;3;1000;RUB;TQBR;Т+: Акции и ДР - безадрес.;12.11.2010;"Публичное акционерное общество ""Центр по перевозке грузов в контейнерах ""ТрансКонтейнер""";7708591995;1
TRFM;ТрансФ ао;ПАО ТрансФин-М ао;Акции обыкновенные;RU000A0JUGP8;1-01-50156-A;3;0,1;RUB;TQBR;Т+: Акции и ДР - безадрес.;15.08.2018;"Публичное акционерное общество ""ТрансФин-М""";7708797192;10000
TRMK;ТМК ао;ПАО ТМК;Акции обыкновенные;RU000A0B6NK6;1-01-29031-H;1;10;RUB;TQBR;Т+: Акции и ДР - безадрес.;10.04.2007;"Публичное акционерное общество ""Трубная Металлургическая Компания""";7710373095;10
TRNFP;Транснф ап;Транснефть ПАО акц.пр.;Акции привилегированные;RU0009091573;2-01-00206-A;1;1;RUB;TQBR;Т+: Акции и ДР - безадрес.;14.01.2008;"Публичное акционерное общество ""Транснефть""";7706061801;1
TTLK;Таттел. ао;"""Таттелеком"" ПАО ао";Акции обыкновенные;RU000A0HM5C1;1-02-50049-A;3;0,1;RUB;TQBR;Т+: Акции и ДР - безадрес.;21.03.2007;"Публичное акционерное общество ""Таттелеком""";1681000024;10000
TUZA;ТЗА ао;Туймаз. завод автобетоновозов;Акции обыкновенные;RU000A0HL7A2;1-01-30455-D;3;10;RUB;TQBR;Т+: Акции и ДР - безадрес.;28.08.2008;"Публичное акционерное общество ""Туймазинский завод автобетоновозов""";269008334;10
TWTR-RM;Twitter;Twitter, Inc.;Иностранные акции;US90184L1026;;3;1,00E-05;USD;FQBR;Т+ Ин.Акции и ДР - безадрес.;21.05.2018;Twitter, Inc.;;1
UCSS;ОКС ао;ПАО ОКС ао;Акции обыкновенные;RU000A0JTQK0;1-01-15296-A;3;1000;RUB;TQBR;Т+: Акции и ДР - безадрес.;14.05.2013;"Публичное акционерное общество ""Объединенные Кредитные Системы""";7708776756;1
UKUZ;ЮжКузб. ао;Южный Кузбасс ПАО ао;Акции обыкновенные;RU0005294775;1-02-10591-F;3;0,04;RUB;TQBR;Т+: Акции и ДР - безадрес.;28.08.2008;"Публичное акционерное общество ""Угольная компания ""Южный Кузбасс""";4214000608;1
UNAC;iАвиастКао;Об.авиастр.корп. ПАО ао;Акции обыкновенные;RU000A0JPLZ7;1-02-55306-E;3;0,86;RUB;TQBR;Т+: Акции и ДР - безадрес.;17.09.2013;"Публичное акционерное общество ""Объединенная авиастроительная корпорация""";7708619320;1000
UNKL;ЮУНК ао;Южно-Уральский никел. комб. ао;Акции обыкновенные;RU0004887991;1-01-00197-A;3;1;RUB;TQBR;Т+: Акции и ДР - безадрес.;20.04.2012;"Публичное акционерное общество ""Южно-Уральский никелевый комбинат""";5613000143;1
UPRO;Юнипро ао;Юнипро ПАО ао;Акции обыкновенные;RU000A0JNGA5;1-02-65104-D;1;0,4;RUB;TQBR;Т+: Акции и ДР - безадрес.;24.05.2007;"Публичное акционерное общество ""Юнипро""";8602067092;1000
URKA;Уркалий-ао;Уралкалий ПАО ао;Акции обыкновенные;RU0007661302;1-01-00296-A;3;0,5;RUB;TQBR;Т+: Акции и ДР - безадрес.;07.11.2007;"Публичное акционерное общество ""Уралкалий""";5911029807;10
URKZ;УрКузница;"ПАО ""Уральская кузница"" ао";Акции обыкновенные;RU000A0JPFY2;1-01-32341-D;3;1;RUB;TQBR;Т+: Акции и ДР - безадрес.;11.05.2012;"Публичное акционерное общество ""Уральская кузница""";7420000133;1
USBN;УралСиб ао;БАНК УРАЛСИБ ПАО ао;Акции обыкновенные;RU0006929536;10200030B;3;0,1;RUB;TQBR;Т+: Акции и ДР - безадрес.;14.12.2011;"Публичное акционерное общество ""БАНК УРАЛСИБ""";274062111;10000
UTAR;ЮТэйр ао;"Авиакомания ""ЮТэйр"" (ПАО) ао";Акции обыкновенные;RU0007661385;1-01-00077-F;3;1;RUB;TQBR;Т+: Акции и ДР - безадрес.;11.01.2005;"Публичное акционерное общество ""Авиакомпания ""ЮТэйр""";7204002873;100
UWGN;ОВК ао;ПАО НПК ОВК ао;Акции обыкновенные;RU000A0JVBT9;1-01-82031-H;3;1;RUB;TQBR;Т+: Акции и ДР - безадрес.;29.04.2015;"Публичное акционерное общество ""Научно-производственная корпорация ""Объединенная Вагонная Компания""";7705522866;1
V-RM;VISA;Visa Inc.;Иностранные акции;US92826C8394;;3;0,0001;USD;FQBR;Т+ Ин.Акции и ДР - безадрес.;17.09.2018;Visa Inc.;;1
VGSB;ВолгЭнСб;"""Волгоград.энергосбыткомп"" ПАО";Акции обыкновенные;RU000A0D8L73;1-01-65103-D;3;0,12;RUB;TQBR;Т+: Акции и ДР - безадрес.;16.09.2005;"Публичное акционерное общество ""Волгоградэнергосбыт""";3445071523;1000
VGSBP;ВолгЭнСб-п;"""Волгоград.энергосбыткомп"" ПАО";Акции привилегированные;RU000A0D8L57;2-01-65103-D;3;0,12;RUB;TQBR;Т+: Акции и ДР - безадрес.;16.09.2005;"Публичное акционерное общество ""Волгоградэнергосбыт""";3445071523;1000
VJGZ;Варьеган;Варьеганнефтегаз ПАО ао;Акции обыкновенные;RU0009046460;1-01-00017-A;3;0,1;RUB;TQBR;Т+: Акции и ДР - безадрес.;14.12.2011;"Публичное акционерное общество ""Варьеганнефтегаз""";8609000160;1
VJGZP;Варьеган-п;Варьеганнефтегаз ПАО ап;Акции привилегированные;RU0007964789;2-01-00017-A;3;0,1;RUB;TQBR;Т+: Акции и ДР - безадрес.;14.12.2011;"Публичное акционерное общество ""Варьеганнефтегаз""";8609000160;10
VLHZ;ВХЗ-ао;Владимирский химич.з-д(ПАО) ао;Акции обыкновенные;RU0007984761;1-02-04847-A;3;20;RUB;TQBR;Т+: Акции и ДР - безадрес.;12.07.2006;"Публичное акционерное общество ""Владимирский химический завод""";3302000669;10
VRSB;ТНСэнВорон;ТНС энерго Воронеж ПАО ао;Акции обыкновенные;RU000A0DPG67;1-01-55029-E;3;0,4;RUB;TQBR;Т+: Акции и ДР - безадрес.;14.10.2005;"Публичное акционерное общество ""ТНС энерго Воронеж""";3663050467;100
VRSBP;ТНСэнВор-п;ТНС энерго Воронеж ПАО ап;Акции привилегированные;RU000A0DPG75;2-01-55029-E;3;0,4;RUB;TQBR;Т+: Акции и ДР - безадрес.;14.10.2005;"Публичное акционерное общество ""ТНС энерго Воронеж""";3663050467;100
VSMO;ВСМПО-АВСМ;Корп. ВСМПО-АВИСМА (ПАО) ао;Акции обыкновенные;RU0009100291;1-01-30202-D;2;1;RUB;TQBR;Т+: Акции и ДР - безадрес.;11.11.2004;"Публичное акционерное общество ""Корпорация ВСМПО-АВИСМА""";6607000556;1
VSYD;ВыбСудЗ ао;Выборгский Суд.Завод ПАО ао;Акции обыкновенные;RU0006334372;1-01-02203-D;3;0,5;RUB;TQBR;Т+: Акции и ДР - безадрес.;25.09.2012;"Публичное акционерное общество ""Выборгский судостроительный завод""";4704012874;1
VSYDP;ВыбСудЗ ап;Выборгский Суд.Завод ПАО ап;Акции привилегированные;RU0006334380;2-01-02203-D;3;0,5;RUB;TQBR;Т+: Акции и ДР - безадрес.;25.09.2012;"Публичное акционерное общество ""Выборгский судостроительный завод""";4704012874;1
VTBR;ВТБ ао;ао ПАО Банк ВТБ;Акции обыкновенные;RU000A0JP5V6;10401000B;1;0,01;RUB;TQBR;Т+: Акции и ДР - безадрес.;28.05.2007;Банк ВТБ (публичное акционерное общество);7702070139;10000
VZRZ;Возрожд-ао;"Банк ""Возрождение""-ао";Акции обыкновенные;RU0009084214;10101439B;3;10;RUB;TQBR;Т+: Акции и ДР - безадрес.;11.01.2005;"Публичное акционерное общество Банк ""Возрождение""";5000001042;1
VZRZP;Возрожд-п;"Банк ""Возрождение"" - ап";Акции привилегированные;RU0009100127;20201439B;3;10;RUB;TQBR;Т+: Акции и ДР - безадрес.;11.01.2005;"Публичное акционерное общество Банк ""Возрождение""";5000001042;10
WTCM;ЦМТ ао;"""Центр междун. торговли""ПАО ао";Акции обыкновенные;RU0008137070;1-01-01837-A;2;1;RUB;TQBR;Т+: Акции и ДР - безадрес.;27.09.2007;"Публичное акционерное общество ""Центр международной торговли""";7703034574;100
WTCMP;ЦМТ ап;"""Центр междун. торговли""ПАО ап";Акции привилегированные;RU0008137088;2-01-01837-A;2;1;RUB;TQBR;Т+: Акции и ДР - безадрес.;27.09.2007;"Публичное акционерное общество ""Центр международной торговли""";7703034574;100
XOM-RM;ExxonMobil;Exxon Mobil Corporation;Иностранные акции;US30231G1022;;3;0;USD;FQBR;Т+ Ин.Акции и ДР - безадрес.;17.09.2018;Exxon Mobil Corporation;;1
YAKG;ЯТЭК ао;Якутская топл.-энерг. комп. ао;Акции обыкновенные;RU0007796819;1-01-20510-F;3;1;RUB;TQBR;Т+: Акции и ДР - безадрес.;09.12.2011;"Публичное акционерное общество ""Якутская топливно-энергетическая компания""";1435032049;100
YKEN;Якутскэнрг;"АК ""Якутскэнерго"" (ПАО) ао";Акции обыкновенные;RU0009257075;1-01-00304-A;3;2,22;RUB;TQBR;Т+: Акции и ДР - безадрес.;02.12.2004;"Публичное акционерное общество ""Якутскэнерго""";1435028701;10000
YKENP;Якутскэн-п;"АК ""Якутскэнерго"" (ПАО) ап";Акции привилегированные;RU0007796827;2-01-00304-A;3;2,22;RUB;TQBR;Т+: Акции и ДР - безадрес.;17.07.2008;"Публичное акционерное общество ""Якутскэнерго""";1435028701;10000
YNDX;Yandex clA;PLLC Yandex N.V. class A shs;Иностранные акции;NL0009805522;;1;0,01;EUR;TQBR;Т+: Акции и ДР - безадрес.;04.06.2014;Публичная Компания с ограниченной ответственностью Яндекс Н.В. (Public Limited Liability Company Yandex N.V.);10034514;1
YRSB;ТНСэнЯр;ТНС энерго Ярославль ПАО ао;Акции обыкновенные;RU000A0D8760;1-01-50099-A;3;1;RUB;TQBR;Т+: Акции и ДР - безадрес.;29.08.2005;"Публичное акционерное общество ""ТНС энерго Ярославль""";7606052264;10
YRSBP;ТНСэнЯр-п;ТНС энерго Ярославль ПАО ап;Акции привилегированные;RU000A0D88B3;2-01-50099-A;3;1;RUB;TQBR;Т+: Акции и ДР - безадрес.;29.08.2005;"Публичное акционерное общество ""ТНС энерго Ярославль""";7606052264;10
ZILL;ЗИЛ ао;Завод им. И.А.Лихачева ПАО ао;Акции обыкновенные;RU0009086193;1-02-00036-A;3;1000;RUB;TQBR;Т+: Акции и ДР - безадрес.;09.12.2011;"Публичное акционерное общество ""Завод имени И.А. Лихачева""";7725043886;1
ZVEZ;ЗВЕЗДА ао;ЗВЕЗДА ПАО ао;Акции обыкновенные;RU0009091300;1-01-00169-D;3;0,1;RUB;TQBR;Т+: Акции и ДР - безадрес.;16.12.2011;"Публичное акционерное общество ""ЗВЕЗДА""";7811038760;1000
